{"cameraMode":{"drawMode":0,"name":"Shaded","section":"Shading Mode"},"sceneLighting":false,"audioPlay":false,"sceneViewState":{"showFog":true,"showMaterialUpdate":false,"showSkybox":false,"showFlares":true,"showImageEffects":true,"showParticleSystems":true},"in2DMode":false,"pivot":{"x":-7.420000076293945,"y":-3.32287859916687,"z":-0.06065431982278824},"rotation":{"x":-0.08925288915634155,"y":-0.8965722322463989,"z":0.21116545796394349,"w":-0.37895211577415469},"size":2.180238962173462,"orthographic":false}