{"cameraMode":{"drawMode":0,"name":"Shaded","section":"Shading Mode"},"sceneLighting":false,"audioPlay":false,"sceneViewState":{"showFog":true,"showMaterialUpdate":false,"showSkybox":false,"showFlares":true,"showImageEffects":true,"showParticleSystems":true},"in2DMode":false,"pivot":{"x":-3.659879446029663,"y":2.235520362854004,"z":0.1532306671142578},"rotation":{"x":-0.07895414531230927,"y":-0.9169480800628662,"z":0.2276117503643036,"w":-0.3180719017982483},"size":2.2085108757019045,"orthographic":false}