{"cameraMode":{"drawMode":0,"name":"Shaded","section":"Shading Mode"},"sceneLighting":false,"audioPlay":false,"sceneViewState":{"showFog":true,"showMaterialUpdate":false,"showSkybox":false,"showFlares":true,"showImageEffects":true,"showParticleSystems":true},"in2DMode":false,"pivot":{"x":0.22726956009864808,"y":0.5882669687271118,"z":0.19643092155456544},"rotation":{"x":-0.08925288915634155,"y":-0.8965722322463989,"z":0.21116545796394349,"w":-0.37895211577415469},"size":2.7636172771453859,"orthographic":false}