{"cameraMode":{"drawMode":0,"name":"Shaded","section":"Shading Mode"},"sceneLighting":true,"audioPlay":false,"sceneViewState":{"showFog":true,"showMaterialUpdate":true,"showSkybox":true,"showFlares":true,"showImageEffects":true,"showParticleSystems":true},"in2DMode":false,"pivot":{"x":0.0283355712890625,"y":0.09838294982910156,"z":0.07960891723632813},"rotation":{"x":-0.2648038864135742,"y":-0.4414658546447754,"z":0.13816523551940919,"w":-0.8461108207702637},"size":10.0,"orthographic":false}