{"cameraMode":{"drawMode":0,"name":"Shaded","section":"Shading Mode"},"sceneLighting":false,"audioPlay":false,"sceneViewState":{"showFog":true,"showMaterialUpdate":false,"showSkybox":false,"showFlares":true,"showImageEffects":true,"showParticleSystems":true},"in2DMode":false,"pivot":{"x":3.4599947929382326,"y":-3.501354932785034,"z":-0.024862855672836305},"rotation":{"x":-0.08925288915634155,"y":-0.8965722322463989,"z":0.21116545796394349,"w":-0.37895211577415469},"size":1.6472017765045167,"orthographic":false}